Workbook

Sheet Data
A1: Region | B1: Jan | C1: Feb | D1: Mar | E1: Apr | F1: May | G1: Jun | H1: Jul | I1: Aug | J1: Sep | K1: Oct | L1: Nov | M1: Dec
A2: North | B2: 42000 | C2: 43800 | D2: 45100 | E2: 46800 | F2: 47900 | G2: 49100 | H2: 50500 | I2: 49800 | J2: 48700 | K2: 51200 | L2: 52600 | M2: 54000
A3: South | B3: 37800 | C3: 38950 | D3: 40100 | E3: 41500 | F3: 42200 | G3: 43050 | H3: 43900 | I3: 43300 | J3: 42800 | K3: 44550 | L3: 45700 | M3: 47000
A4: East | B4: 39500 | C4: 40700 | D4: 42050 | E4: 43200 | F4: 44100 | G4: 45250 | H4: 46800 | I4: 46250 | J4: 45100 | K4: 47750 | L4: 48900 | M4: 50300
A5: West | B5: 36000 | C5: 37200 | D5: 38650 | E5: 39900 | F5: 41050 | G5: 42300 | H5: 43150 | I5: 42700 | J5: 41850 | K5: 43950 | L5: 44800 | M5: 46000
A6: Central | B6: 41000 | C6: 42150 | D6: 43400 | E6: 44750 | F6: 45600 | G6: 46850 | H6: 48100 | I6: 47500 | J6: 46600 | K6: 48900 | L6: 50050 | M6: 51500

Sheet summary_table
A1: Region | B1: SUM | C1: AVERAGE | D1: MAX | E1: MIN
A2: North | B2: =(SUM(Data!B2:M2)) -> 581500 | C2: =AVERAGE(Data!B2:M2) -> 48458.333 | D2: =MAX(Data!B2:M2) -> 54000 | E2: =MIN(Data!B2:M2) -> 42000
A3: South | B3: =(SUM(Data!B3:M3)) -> 510850 | C3: =AVERAGE(Data!B3:M3) -> 42570.833 | D3: =MAX(Data!B3:M3) -> 47000 | E3: =MIN(Data!B3:M3) -> 37800
A4: East | B4: =(SUM(Data!B4:M4)) -> 539900 | C4: =AVERAGE(Data!B4:M4) -> 44991.667 | D4: =MAX(Data!B4:M4) -> 50300 | E4: =MIN(Data!B4:M4) -> 39500
A5: West | B5: =(SUM(Data!B5:M5)) -> 497550 | C5: =AVERAGE(Data!B5:M5) -> 41462.5 | D5: =MAX(Data!B5:M5) -> 46000 | E5: =MIN(Data!B5:M5) -> 36000
A6: Central | B6: =(SUM(Data!B6:M6)) -> 556400 | C6: =AVERAGE(Data!B6:M6) -> 46366.667 | D6: =MAX(Data!B6:M6) -> 51500 | E6: =MIN(Data!B6:M6) -> 41000

Sheet Region_ranking
A1: Ranking | B1: Region | C1: Total_revenue
A2: 1 | B2: North | C2: =(SUM(Data!B2:M2)) -> 581500
A3: 2 | B3: Central | C3: =(SUM(Data!B6:M6)) -> 556400
A4: 3 | B4: East | C4: =(SUM(Data!B4:M4)) -> 539900
A5: 4 | B5: South | C5: =(SUM(Data!B3:M3)) -> 510850
A6: 5 | B6: West | C6: =(SUM(Data!B5:M5)) -> 497550
